Country Name,Country Code,Indicator Name,Indicator Code,2016,2017,2018,2019,2020
Aruba,ABW,"Unemployment, total (% of total labor force) (modeled ILO estimate)",SL.UEM.TOTL.ZS,,,,,
Africa Eastern and Southern,AFE,"Unemployment, total (% of total labor force) (modeled ILO estimate)",SL.UEM.TOTL.ZS,6.610205313,6.714954736,6.731162734,6.914353247,7.563186854
Afghanistan,AFG,"Unemployment, total (% of total labor force) (modeled ILO estimate)",SL.UEM.TOTL.ZS,11.15799999,11.18000031,11.15200043,11.21700001,11.71000004
Africa Western and Central,AFW,"Unemployment, total (% of total labor force) (modeled ILO estimate)",SL.UEM.TOTL.ZS,5.567016687,6.019505353,6.04109242,6.063362282,6.774913787
Angola,AGO,"Unemployment, total (% of total labor force) (modeled ILO estimate)",SL.UEM.TOTL.ZS,7.412000179,7.407999992,7.421000004,7.421000004,8.333000183
Albania,ALB,"Unemployment, total (% of total labor force) (modeled ILO estimate)",SL.UEM.TOTL.ZS,15.42000008,13.61999989,12.30000019,11.47000027,13.32900047
Andorra,AND,"Unemployment, total (% of total labor force) (modeled ILO estimate)",SL.UEM.TOTL.ZS,,,,,
Arab World,ARB,"Unemployment, total (% of total labor force) (modeled ILO estimate)",SL.UEM.TOTL.ZS,10.76111531,10.89637856,10.50233556,10.00615353,11.48732104
United Arab Emirates,ARE,"Unemployment, total (% of total labor force) (modeled ILO estimate)",SL.UEM.TOTL.ZS,1.639999986,2.460000038,2.351999998,2.230000019,3.187999964
Argentina,ARG,"Unemployment, total (% of total labor force) (modeled ILO estimate)",SL.UEM.TOTL.ZS,8.111000061,8.350000381,9.220000267,9.840000153,11.46000004
Armenia,ARM,"Unemployment, total (% of total labor force) (modeled ILO estimate)",SL.UEM.TOTL.ZS,17.62000084,17.70000076,18.96999931,18.29999924,21.20599937
American Samoa,ASM,"Unemployment, total (% of total labor force) (modeled ILO estimate)",SL.UEM.TOTL.ZS,,,,,
Antigua and Barbuda,ATG,"Unemployment, total (% of total labor force) (modeled ILO estimate)",SL.UEM.TOTL.ZS,,,,,
Australia,AUS,"Unemployment, total (% of total labor force) (modeled ILO estimate)",SL.UEM.TOTL.ZS,5.710000038,5.590000153,5.300000191,5.159999847,6.460000038
Austria,AUT,"Unemployment, total (% of total labor force) (modeled ILO estimate)",SL.UEM.TOTL.ZS,6.010000229,5.5,4.849999905,4.489999771,5.360000134
Azerbaijan,AZE,"Unemployment, total (% of total labor force) (modeled ILO estimate)",SL.UEM.TOTL.ZS,5,5,4.900000095,4.849999905,6.462999821
Burundi,BDI,"Unemployment, total (% of total labor force) (modeled ILO estimate)",SL.UEM.TOTL.ZS,1.590000033,1.588999987,1.587000012,1.588999987,1.707000017
Belgium,BEL,"Unemployment, total (% of total labor force) (modeled ILO estimate)",SL.UEM.TOTL.ZS,7.829999924,7.090000153,5.949999809,5.360000134,5.550000191
Benin,BEN,"Unemployment, total (% of total labor force) (modeled ILO estimate)",SL.UEM.TOTL.ZS,1.827999949,1.644000053,1.470000029,1.470000029,1.583999991
Burkina Faso,BFA,"Unemployment, total (% of total labor force) (modeled ILO estimate)",SL.UEM.TOTL.ZS,4.434000015,4.563000202,4.690000057,4.69299984,4.894999981
Bangladesh,BGD,"Unemployment, total (% of total labor force) (modeled ILO estimate)",SL.UEM.TOTL.ZS,4.349999905,4.369999886,4.413000107,4.438000202,5.413000107
Bulgaria,BGR,"Unemployment, total (% of total labor force) (modeled ILO estimate)",SL.UEM.TOTL.ZS,7.570000172,6.159999847,5.210000038,4.230000019,5.119999886
Bahrain,BHR,"Unemployment, total (% of total labor force) (modeled ILO estimate)",SL.UEM.TOTL.ZS,1.190999985,1.182999969,1.200999975,1.19599998,1.781000018
"Bahamas, The",BHS,"Unemployment, total (% of total labor force) (modeled ILO estimate)",SL.UEM.TOTL.ZS,12.69999981,9.800000191,10,10.06099987,13.3210001
Bosnia and Herzegovina,BIH,"Unemployment, total (% of total labor force) (modeled ILO estimate)",SL.UEM.TOTL.ZS,25.40999985,20.53000069,18.39999962,15.68999958,15.26500034
Belarus,BLR,"Unemployment, total (% of total labor force) (modeled ILO estimate)",SL.UEM.TOTL.ZS,5.840000153,5.650000095,4.760000229,4.159999847,4.768000126
Belize,BLZ,"Unemployment, total (% of total labor force) (modeled ILO estimate)",SL.UEM.TOTL.ZS,7,6.599999905,6.644000053,6.710999966,8.461999893
Bermuda,BMU,"Unemployment, total (% of total labor force) (modeled ILO estimate)",SL.UEM.TOTL.ZS,,,,,
Bolivia,BOL,"Unemployment, total (% of total labor force) (modeled ILO estimate)",SL.UEM.TOTL.ZS,3.5,3.650000095,3.519999981,3.819999933,7.900000095
Brazil,BRA,"Unemployment, total (% of total labor force) (modeled ILO estimate)",SL.UEM.TOTL.ZS,11.60000038,12.81999969,12.32999992,11.93000031,13.68999958
Barbados,BRB,"Unemployment, total (% of total labor force) (modeled ILO estimate)",SL.UEM.TOTL.ZS,8.25,8.619999886,8.319999695,8.409999847,10.37699986
Brunei Darussalam,BRN,"Unemployment, total (% of total labor force) (modeled ILO estimate)",SL.UEM.TOTL.ZS,8.383000374,9.319999695,8.699999809,6.920000076,7.68200016
Bhutan,BTN,"Unemployment, total (% of total labor force) (modeled ILO estimate)",SL.UEM.TOTL.ZS,2.493000031,2.453000069,2.444000006,2.502000093,3.648999929
Botswana,BWA,"Unemployment, total (% of total labor force) (modeled ILO estimate)",SL.UEM.TOTL.ZS,21.02899933,21.56599998,22.07099915,22.61000061,24.93000031
Central African Republic,CAF,"Unemployment, total (% of total labor force) (modeled ILO estimate)",SL.UEM.TOTL.ZS,5.65199995,5.647999763,5.605000019,5.623000145,6.356999874
Canada,CAN,"Unemployment, total (% of total labor force) (modeled ILO estimate)",SL.UEM.TOTL.ZS,7,6.340000153,5.829999924,5.659999847,9.460000038
Central Europe and the Baltics,CEB,"Unemployment, total (% of total labor force) (modeled ILO estimate)",SL.UEM.TOTL.ZS,6.488349999,5.296798981,4.316407385,3.78125169,4.37229295
Switzerland,CHE,"Unemployment, total (% of total labor force) (modeled ILO estimate)",SL.UEM.TOTL.ZS,4.920000076,4.800000191,4.710000038,4.389999866,4.820000172
Channel Islands,CHI,"Unemployment, total (% of total labor force) (modeled ILO estimate)",SL.UEM.TOTL.ZS,7.742000103,7.138000011,6.573999882,6.413000107,7.68599987
Chile,CHL,"Unemployment, total (% of total labor force) (modeled ILO estimate)",SL.UEM.TOTL.ZS,6.739999771,6.960000038,7.230000019,7.289999962,11.18000031
China,CHN,"Unemployment, total (% of total labor force) (modeled ILO estimate)",SL.UEM.TOTL.ZS,4.53000021,4.440000057,4.28000021,4.519999981,5
Cote d'Ivoire,CIV,"Unemployment, total (% of total labor force) (modeled ILO estimate)",SL.UEM.TOTL.ZS,2.599999905,3.269999981,3.292999983,3.318000078,3.487999916
Cameroon,CMR,"Unemployment, total (% of total labor force) (modeled ILO estimate)",SL.UEM.TOTL.ZS,3.575000048,3.599999905,3.617000103,3.638000011,3.836999893
"Congo, Dem. Rep.",COD,"Unemployment, total (% of total labor force) (modeled ILO estimate)",SL.UEM.TOTL.ZS,4.477000237,4.465000153,4.451000214,4.451000214,5.265999794
"Congo, Rep.",COG,"Unemployment, total (% of total labor force) (modeled ILO estimate)",SL.UEM.TOTL.ZS,20.55900002,20.55900002,20.61400032,20.62199974,22.84300041
Colombia,COL,"Unemployment, total (% of total labor force) (modeled ILO estimate)",SL.UEM.TOTL.ZS,8.68999958,8.869999886,9.109999657,9.960000038,15.03999996
Comoros,COM,"Unemployment, total (% of total labor force) (modeled ILO estimate)",SL.UEM.TOTL.ZS,8.102000237,8.086000443,8.079000473,8.081999779,9.222999573
Cabo Verde,CPV,"Unemployment, total (% of total labor force) (modeled ILO estimate)",SL.UEM.TOTL.ZS,12.00800037,12.23999977,12.17000008,12.21899986,15.30599976
Costa Rica,CRI,"Unemployment, total (% of total labor force) (modeled ILO estimate)",SL.UEM.TOTL.ZS,8.600000381,8.140000343,9.630000114,11.48999977,17.40999985
Caribbean small states,CSS,"Unemployment, total (% of total labor force) (modeled ILO estimate)",SL.UEM.TOTL.ZS,10.60604821,9.763381883,8.709369595,8.01764027,9.827410438
Cuba,CUB,"Unemployment, total (% of total labor force) (modeled ILO estimate)",SL.UEM.TOTL.ZS,2,1.700000048,1.700000048,1.735000014,2.624000072
Curacao,CUW,"Unemployment, total (% of total labor force) (modeled ILO estimate)",SL.UEM.TOTL.ZS,,,,,
Cayman Islands,CYM,"Unemployment, total (% of total labor force) (modeled ILO estimate)",SL.UEM.TOTL.ZS,,,,,
Cyprus,CYP,"Unemployment, total (% of total labor force) (modeled ILO estimate)",SL.UEM.TOTL.ZS,12.94999981,11.05000019,8.369999886,7.070000172,7.590000153
Czech Republic,CZE,"Unemployment, total (% of total labor force) (modeled ILO estimate)",SL.UEM.TOTL.ZS,3.950000048,2.890000105,2.24000001,2.00999999,2.549999952
Germany,DEU,"Unemployment, total (% of total labor force) (modeled ILO estimate)",SL.UEM.TOTL.ZS,4.119999886,3.75,3.380000114,3.140000105,3.809999943
Djibouti,DJI,"Unemployment, total (% of total labor force) (modeled ILO estimate)",SL.UEM.TOTL.ZS,26.19300079,26.05999947,26.18899918,26.35700035,28.38999939
Dominica,DMA,"Unemployment, total (% of total labor force) (modeled ILO estimate)",SL.UEM.TOTL.ZS,,,,,
Denmark,DNK,"Unemployment, total (% of total labor force) (modeled ILO estimate)",SL.UEM.TOTL.ZS,5.989999771,5.829999924,5.130000114,5.019999981,5.639999866
Dominican Republic,DOM,"Unemployment, total (% of total labor force) (modeled ILO estimate)",SL.UEM.TOTL.ZS,7.28000021,5.829999924,5.860000134,6.360000134,6.130000114
Algeria,DZA,"Unemployment, total (% of total labor force) (modeled ILO estimate)",SL.UEM.TOTL.ZS,10.19999981,10.33300018,10.42000008,10.51299953,12.55000019
East Asia & Pacific (excluding high income),EAP,"Unemployment, total (% of total labor force) (modeled ILO estimate)",SL.UEM.TOTL.ZS,4.016764391,3.909936668,3.792054989,3.895325855,4.388021328
Early-demographic dividend,EAR,"Unemployment, total (% of total labor force) (modeled ILO estimate)",SL.UEM.TOTL.ZS,5.745712187,5.645611539,5.636733013,5.530104742,7.122091618
East Asia & Pacific,EAS,"Unemployment, total (% of total labor force) (modeled ILO estimate)",SL.UEM.TOTL.ZS,3.979161201,3.863877772,3.733557946,3.821226031,4.315728177
Europe & Central Asia (excluding high income),ECA,"Unemployment, total (% of total labor force) (modeled ILO estimate)",SL.UEM.TOTL.ZS,7.520450218,7.264352663,6.944385653,7.107052796,7.80399705
Europe & Central Asia,ECS,"Unemployment, total (% of total labor force) (modeled ILO estimate)",SL.UEM.TOTL.ZS,8.083306025,7.475092419,6.896505402,6.670346164,7.182387864
Ecuador,ECU,"Unemployment, total (% of total labor force) (modeled ILO estimate)",SL.UEM.TOTL.ZS,4.599999905,3.839999914,3.529999971,3.809999943,6.110000134
"Egypt, Arab Rep.",EGY,"Unemployment, total (% of total labor force) (modeled ILO estimate)",SL.UEM.TOTL.ZS,12.40999985,11.73999977,9.819999695,7.840000153,9.166999817
Euro area,EMU,"Unemployment, total (% of total labor force) (modeled ILO estimate)",SL.UEM.TOTL.ZS,10.01017637,9.047383527,8.170314497,7.534768726,7.825306891
Eritrea,ERI,"Unemployment, total (% of total labor force) (modeled ILO estimate)",SL.UEM.TOTL.ZS,5.90199995,5.94299984,5.947000027,5.993999958,7.864999771
Spain,ESP,"Unemployment, total (% of total labor force) (modeled ILO estimate)",SL.UEM.TOTL.ZS,19.62999916,17.21999931,15.25,14.10000038,15.52999973
Estonia,EST,"Unemployment, total (% of total labor force) (modeled ILO estimate)",SL.UEM.TOTL.ZS,6.760000229,5.760000229,5.369999886,4.449999809,6.800000191
Ethiopia,ETH,"Unemployment, total (% of total labor force) (modeled ILO estimate)",SL.UEM.TOTL.ZS,2.288000107,2.299000025,2.318000078,2.325999975,3.236999989
European Union,EUU,"Unemployment, total (% of total labor force) (modeled ILO estimate)",SL.UEM.TOTL.ZS,9.117230558,8.1358044,7.266660274,6.691868037,7.045764726
Fragile and conflict affected situations,FCS,"Unemployment, total (% of total labor force) (modeled ILO estimate)",SL.UEM.TOTL.ZS,6.109852382,6.459371978,6.42645262,6.435891682,7.330389115
Finland,FIN,"Unemployment, total (% of total labor force) (modeled ILO estimate)",SL.UEM.TOTL.ZS,8.819999695,8.640000343,7.360000134,6.690000057,7.760000229
Fiji,FJI,"Unemployment, total (% of total labor force) (modeled ILO estimate)",SL.UEM.TOTL.ZS,4.320000172,4.277999878,4.333000183,4.447999954,4.715000153
France,FRA,"Unemployment, total (% of total labor force) (modeled ILO estimate)",SL.UEM.TOTL.ZS,10.05000019,9.409999847,9.020000458,8.409999847,8.010000229
Faroe Islands,FRO,"Unemployment, total (% of total labor force) (modeled ILO estimate)",SL.UEM.TOTL.ZS,,,,,
"Micronesia, Fed. Sts.",FSM,"Unemployment, total (% of total labor force) (modeled ILO estimate)",SL.UEM.TOTL.ZS,,,,,
Gabon,GAB,"Unemployment, total (% of total labor force) (modeled ILO estimate)",SL.UEM.TOTL.ZS,20.66900063,20.72100067,20.74900055,20.74200058,21.97200012
United Kingdom,GBR,"Unemployment, total (% of total labor force) (modeled ILO estimate)",SL.UEM.TOTL.ZS,4.809999943,4.329999924,4,3.74000001,4.472000122
Georgia,GEO,"Unemployment, total (% of total labor force) (modeled ILO estimate)",SL.UEM.TOTL.ZS,16.60000038,13.93999958,12.67000008,11.56999969,18.5
Ghana,GHA,"Unemployment, total (% of total labor force) (modeled ILO estimate)",SL.UEM.TOTL.ZS,5.52699995,4.21999979,4.276000023,4.315999985,4.651000023
Gibraltar,GIB,"Unemployment, total (% of total labor force) (modeled ILO estimate)",SL.UEM.TOTL.ZS,,,,,
Guinea,GIN,"Unemployment, total (% of total labor force) (modeled ILO estimate)",SL.UEM.TOTL.ZS,4.880000114,4.914000034,4.982999802,5.019999981,6.103000164
"Gambia, The",GMB,"Unemployment, total (% of total labor force) (modeled ILO estimate)",SL.UEM.TOTL.ZS,9.498000145,9.484999657,9.475999832,9.498000145,11.08100033
Guinea-Bissau,GNB,"Unemployment, total (% of total labor force) (modeled ILO estimate)",SL.UEM.TOTL.ZS,5.951000214,5.986000061,5.981999874,6.035999775,6.736999989
Equatorial Guinea,GNQ,"Unemployment, total (% of total labor force) (modeled ILO estimate)",SL.UEM.TOTL.ZS,8.62899971,8.647999763,8.623999596,8.678999901,9.901000023
Greece,GRC,"Unemployment, total (% of total labor force) (modeled ILO estimate)",SL.UEM.TOTL.ZS,23.54000092,21.48999977,19.29000092,17.30999947,16.29999924
Grenada,GRD,"Unemployment, total (% of total labor force) (modeled ILO estimate)",SL.UEM.TOTL.ZS,,,,,
Greenland,GRL,"Unemployment, total (% of total labor force) (modeled ILO estimate)",SL.UEM.TOTL.ZS,,,,,
Guatemala,GTM,"Unemployment, total (% of total labor force) (modeled ILO estimate)",SL.UEM.TOTL.ZS,2.579999924,2.460000038,2.279999971,2.190000057,3.552999973
Guam,GUM,"Unemployment, total (% of total labor force) (modeled ILO estimate)",SL.UEM.TOTL.ZS,5.400000095,5.434999943,5.559000015,5.514999866,6.802000046
Guyana,GUY,"Unemployment, total (% of total labor force) (modeled ILO estimate)",SL.UEM.TOTL.ZS,13.46399975,13.74600029,14.02000046,13.99199963,16.43099976
High income,HIC,"Unemployment, total (% of total labor force) (modeled ILO estimate)",SL.UEM.TOTL.ZS,6.160208127,5.603218229,5.089573747,4.786365642,6.486021631
"Hong Kong SAR, China",HKG,"Unemployment, total (% of total labor force) (modeled ILO estimate)",SL.UEM.TOTL.ZS,3.390000105,3.130000114,2.819999933,2.930000067,5.829999924
Honduras,HND,"Unemployment, total (% of total labor force) (modeled ILO estimate)",SL.UEM.TOTL.ZS,6.730000019,5.53000021,5.650000095,5.699999809,8.373000145
Heavily indebted poor countries (HIPC),HPC,"Unemployment, total (% of total labor force) (modeled ILO estimate)",SL.UEM.TOTL.ZS,4.708744862,4.661287306,4.686503172,4.706124267,5.432760613
Croatia,HRV,"Unemployment, total (% of total labor force) (modeled ILO estimate)",SL.UEM.TOTL.ZS,13.10000038,11.21000004,8.430000305,6.619999886,7.510000229
Haiti,HTI,"Unemployment, total (% of total labor force) (modeled ILO estimate)",SL.UEM.TOTL.ZS,13.92500019,13.87699986,13.85999966,13.91499996,15.45100021
Hungary,HUN,"Unemployment, total (% of total labor force) (modeled ILO estimate)",SL.UEM.TOTL.ZS,5.110000134,4.159999847,3.710000038,3.420000076,4.25
IBRD only,IBD,"Unemployment, total (% of total labor force) (modeled ILO estimate)",SL.UEM.TOTL.ZS,5.816468622,5.761480503,5.625807072,5.663868596,6.878731356
IDA & IBRD total,IBT,"Unemployment, total (% of total labor force) (modeled ILO estimate)",SL.UEM.TOTL.ZS,5.575854813,5.568402971,5.468802594,5.490532604,6.607472064
IDA total,IDA,"Unemployment, total (% of total labor force) (modeled ILO estimate)",SL.UEM.TOTL.ZS,4.698906129,4.880333261,4.920315615,4.894514227,5.701855468
IDA blend,IDB,"Unemployment, total (% of total labor force) (modeled ILO estimate)",SL.UEM.TOTL.ZS,5.006149718,5.612629153,5.792066755,5.713550899,6.593901906
Indonesia,IDN,"Unemployment, total (% of total labor force) (modeled ILO estimate)",SL.UEM.TOTL.ZS,4.300000191,3.880000114,4.400000095,3.619999886,4.28000021
IDA only,IDX,"Unemployment, total (% of total labor force) (modeled ILO estimate)",SL.UEM.TOTL.ZS,4.561511224,4.555748817,4.535951439,4.533436855,5.306300139
Isle of Man,IMN,"Unemployment, total (% of total labor force) (modeled ILO estimate)",SL.UEM.TOTL.ZS,,,,,
India,IND,"Unemployment, total (% of total labor force) (modeled ILO estimate)",SL.UEM.TOTL.ZS,5.422999859,5.357999802,5.329999924,5.269999981,7.997000217
Not classified,INX,"Unemployment, total (% of total labor force) (modeled ILO estimate)",SL.UEM.TOTL.ZS,,,,,
Ireland,IRL,"Unemployment, total (% of total labor force) (modeled ILO estimate)",SL.UEM.TOTL.ZS,8.369999886,6.710000038,5.739999771,4.949999809,5.619999886
"Iran, Islamic Rep.",IRN,"Unemployment, total (% of total labor force) (modeled ILO estimate)",SL.UEM.TOTL.ZS,12.61999989,12.22999954,12.18999958,10.73999977,12.16899967
Iraq,IRQ,"Unemployment, total (% of total labor force) (modeled ILO estimate)",SL.UEM.TOTL.ZS,10.81999969,13.02000046,12.9659996,12.86299992,14.0880003
Iceland,ISL,"Unemployment, total (% of total labor force) (modeled ILO estimate)",SL.UEM.TOTL.ZS,2.980000019,2.74000001,2.700000048,3.50999999,5.480000019
Israel,ISR,"Unemployment, total (% of total labor force) (modeled ILO estimate)",SL.UEM.TOTL.ZS,4.800000191,4.21999979,4,3.799999952,4.329999924
Italy,ITA,"Unemployment, total (% of total labor force) (modeled ILO estimate)",SL.UEM.TOTL.ZS,11.68999958,11.21000004,10.60999966,9.949999809,9.159999847
Jamaica,JAM,"Unemployment, total (% of total labor force) (modeled ILO estimate)",SL.UEM.TOTL.ZS,13.18999958,11.63000011,9.100000381,7.690000057,9.479999542
Jordan,JOR,"Unemployment, total (% of total labor force) (modeled ILO estimate)",SL.UEM.TOTL.ZS,15.27999973,18.13999939,18.27000046,16.80999947,19.02599907
Japan,JPN,"Unemployment, total (% of total labor force) (modeled ILO estimate)",SL.UEM.TOTL.ZS,3.099999905,2.799999952,2.400000095,2.400000095,2.799999952
Kazakhstan,KAZ,"Unemployment, total (% of total labor force) (modeled ILO estimate)",SL.UEM.TOTL.ZS,4.960000038,4.900000095,4.849999905,4.800000191,4.889999866
Kenya,KEN,"Unemployment, total (% of total labor force) (modeled ILO estimate)",SL.UEM.TOTL.ZS,2.75999999,3.513000011,4.249000072,5.010000229,5.729000092
Kyrgyz Republic,KGZ,"Unemployment, total (% of total labor force) (modeled ILO estimate)",SL.UEM.TOTL.ZS,7.210000038,6.889999866,6.886000156,6.918000221,8.706000328
Cambodia,KHM,"Unemployment, total (% of total labor force) (modeled ILO estimate)",SL.UEM.TOTL.ZS,0.720000029,0.140000001,0.143000007,0.147,0.331
Kiribati,KIR,"Unemployment, total (% of total labor force) (modeled ILO estimate)",SL.UEM.TOTL.ZS,,,,,
St. Kitts and Nevis,KNA,"Unemployment, total (% of total labor force) (modeled ILO estimate)",SL.UEM.TOTL.ZS,,,,,
"Korea, Rep.",KOR,"Unemployment, total (% of total labor force) (modeled ILO estimate)",SL.UEM.TOTL.ZS,3.650000095,3.650000095,3.819999933,3.75,3.930000067
Kuwait,KWT,"Unemployment, total (% of total labor force) (modeled ILO estimate)",SL.UEM.TOTL.ZS,2.160000086,2.197000027,2.164999962,2.167000055,3.539000034
Latin America & Caribbean (excluding high income),LAC,"Unemployment, total (% of total labor force) (modeled ILO estimate)",SL.UEM.TOTL.ZS,7.853551294,8.154601572,8.017658388,8.062356573,10.17478618
Lao PDR,LAO,"Unemployment, total (% of total labor force) (modeled ILO estimate)",SL.UEM.TOTL.ZS,0.791999996,0.805000007,0.827000022,0.851999998,1.034000039
Lebanon,LBN,"Unemployment, total (% of total labor force) (modeled ILO estimate)",SL.UEM.TOTL.ZS,9.782999992,10.27400017,10.79599953,11.35000038,13.29699993
Liberia,LBR,"Unemployment, total (% of total labor force) (modeled ILO estimate)",SL.UEM.TOTL.ZS,3.079999924,3.049000025,3.029999971,3.015000105,3.980000019
Libya,LBY,"Unemployment, total (% of total labor force) (modeled ILO estimate)",SL.UEM.TOTL.ZS,19.52799988,19.37100029,19.45499992,19.65500069,20.06599998
St. Lucia,LCA,"Unemployment, total (% of total labor force) (modeled ILO estimate)",SL.UEM.TOTL.ZS,19.64900017,18.86000061,19.07999992,15.31999969,16.8920002
Latin America & Caribbean,LCN,"Unemployment, total (% of total labor force) (modeled ILO estimate)",SL.UEM.TOTL.ZS,7.717022888,7.987671572,7.873814768,7.931702489,10.06201419
Least developed countries: UN classification,LDC,"Unemployment, total (% of total labor force) (modeled ILO estimate)",SL.UEM.TOTL.ZS,4.544594438,4.587714097,4.552063921,4.548991638,5.322177987
Low income,LIC,"Unemployment, total (% of total labor force) (modeled ILO estimate)",SL.UEM.TOTL.ZS,4.90658662,4.901271586,4.89272922,4.892698665,5.622953672
Liechtenstein,LIE,"Unemployment, total (% of total labor force) (modeled ILO estimate)",SL.UEM.TOTL.ZS,,,,,
Sri Lanka,LKA,"Unemployment, total (% of total labor force) (modeled ILO estimate)",SL.UEM.TOTL.ZS,4.239999771,4.050000191,4.320000172,4.349999905,5.877999783
Lower middle income,LMC,"Unemployment, total (% of total labor force) (modeled ILO estimate)",SL.UEM.TOTL.ZS,5.285337645,5.277239327,5.241381883,5.066915954,6.610505011
Low & middle income,LMY,"Unemployment, total (% of total labor force) (modeled ILO estimate)",SL.UEM.TOTL.ZS,5.547353705,5.550066096,5.457108636,5.482573429,6.592008109
Lesotho,LSO,"Unemployment, total (% of total labor force) (modeled ILO estimate)",SL.UEM.TOTL.ZS,23.47500038,23.20000076,22.81299973,22.44000053,24.56299973
Late-demographic dividend,LTE,"Unemployment, total (% of total labor force) (modeled ILO estimate)",SL.UEM.TOTL.ZS,5.24479132,5.232006572,5.009403463,5.149079875,5.890181769
Lithuania,LTU,"Unemployment, total (% of total labor force) (modeled ILO estimate)",SL.UEM.TOTL.ZS,7.860000134,7.070000172,6.150000095,6.260000229,8.489999771
Luxembourg,LUX,"Unemployment, total (% of total labor force) (modeled ILO estimate)",SL.UEM.TOTL.ZS,6.289999962,5.519999981,5.590000153,5.590000153,6.769999981
Latvia,LVA,"Unemployment, total (% of total labor force) (modeled ILO estimate)",SL.UEM.TOTL.ZS,9.640000343,8.720000267,7.409999847,6.309999943,8.100000381
"Macao SAR, China",MAC,"Unemployment, total (% of total labor force) (modeled ILO estimate)",SL.UEM.TOTL.ZS,1.940000057,1.99000001,1.830000043,1.75,2.569999933
St. Martin (French part),MAF,"Unemployment, total (% of total labor force) (modeled ILO estimate)",SL.UEM.TOTL.ZS,,,,,
Morocco,MAR,"Unemployment, total (% of total labor force) (modeled ILO estimate)",SL.UEM.TOTL.ZS,9.300000191,9.241999626,9.265000343,9.279999733,11.45400047
Monaco,MCO,"Unemployment, total (% of total labor force) (modeled ILO estimate)",SL.UEM.TOTL.ZS,,,,,
Moldova,MDA,"Unemployment, total (% of total labor force) (modeled ILO estimate)",SL.UEM.TOTL.ZS,4.019999981,4.099999905,4.110000134,5.099999905,3.819999933
Madagascar,MDG,"Unemployment, total (% of total labor force) (modeled ILO estimate)",SL.UEM.TOTL.ZS,1.804999948,1.822999954,1.843000054,1.856999993,2.473999977
Maldives,MDV,"Unemployment, total (% of total labor force) (modeled ILO estimate)",SL.UEM.TOTL.ZS,6.119999886,5.869999886,5.618999958,5.340000153,6.328000069
Middle East & North Africa,MEA,"Unemployment, total (% of total labor force) (modeled ILO estimate)",SL.UEM.TOTL.ZS,10.2379758,10.26485319,9.882142458,9.145927083,10.54071339
Mexico,MEX,"Unemployment, total (% of total labor force) (modeled ILO estimate)",SL.UEM.TOTL.ZS,3.859999895,3.420000076,3.279999971,3.480000019,4.449999809
Marshall Islands,MHL,"Unemployment, total (% of total labor force) (modeled ILO estimate)",SL.UEM.TOTL.ZS,,,,,
Middle income,MIC,"Unemployment, total (% of total labor force) (modeled ILO estimate)",SL.UEM.TOTL.ZS,5.606525628,5.611206879,5.511434455,5.540448583,6.689699079
North Macedonia,MKD,"Unemployment, total (% of total labor force) (modeled ILO estimate)",SL.UEM.TOTL.ZS,23.71999931,22.37999916,20.73999977,17.26000023,17.20000076
Mali,MLI,"Unemployment, total (% of total labor force) (modeled ILO estimate)",SL.UEM.TOTL.ZS,7.570000172,7.409999847,7.427999973,7.441999912,7.696000099
Malta,MLT,"Unemployment, total (% of total labor force) (modeled ILO estimate)",SL.UEM.TOTL.ZS,4.690000057,4,3.660000086,3.619999886,4.260000229
Myanmar,MMR,"Unemployment, total (% of total labor force) (modeled ILO estimate)",SL.UEM.TOTL.ZS,1.177000046,1.559999943,0.870000005,0.5,1.057999969
Middle East & North Africa (excluding high income),MNA,"Unemployment, total (% of total labor force) (modeled ILO estimate)",SL.UEM.TOTL.ZS,12.05072925,12.07471454,11.62017369,10.76831295,12.23907773
Montenegro,MNE,"Unemployment, total (% of total labor force) (modeled ILO estimate)",SL.UEM.TOTL.ZS,17.71999931,16.06999969,15.17000008,15.11999989,17.89999962
Mongolia,MNG,"Unemployment, total (% of total labor force) (modeled ILO estimate)",SL.UEM.TOTL.ZS,7.239999771,6.360000134,5.380000114,5.43900013,7.010000229
Northern Mariana Islands,MNP,"Unemployment, total (% of total labor force) (modeled ILO estimate)",SL.UEM.TOTL.ZS,,,,,
Mozambique,MOZ,"Unemployment, total (% of total labor force) (modeled ILO estimate)",SL.UEM.TOTL.ZS,3.447000027,3.450999975,3.45600009,3.46600008,3.809999943
Mauritania,MRT,"Unemployment, total (% of total labor force) (modeled ILO estimate)",SL.UEM.TOTL.ZS,10.26099968,10.34000015,10.38500023,10.39299965,11.27000046
Mauritius,MUS,"Unemployment, total (% of total labor force) (modeled ILO estimate)",SL.UEM.TOTL.ZS,6.809999943,6.75,6.429999828,6.329999924,7.407000065
Malawi,MWI,"Unemployment, total (% of total labor force) (modeled ILO estimate)",SL.UEM.TOTL.ZS,5.816999912,5.760000229,5.757999897,5.751999855,6.701000214
Malaysia,MYS,"Unemployment, total (% of total labor force) (modeled ILO estimate)",SL.UEM.TOTL.ZS,3.440000057,3.410000086,3.299999952,3.25999999,4.504000187
North America,NAC,"Unemployment, total (% of total labor force) (modeled ILO estimate)",SL.UEM.TOTL.ZS,5.103810824,4.57802418,4.112751072,3.891052621,8.206839811
Namibia,NAM,"Unemployment, total (% of total labor force) (modeled ILO estimate)",SL.UEM.TOTL.ZS,23.35000038,21.63899994,19.87999916,19.98800087,21.44599915
New Caledonia,NCL,"Unemployment, total (% of total labor force) (modeled ILO estimate)",SL.UEM.TOTL.ZS,14.69499969,14.78499985,14.84700012,14.90999985,16.42900085
Niger,NER,"Unemployment, total (% of total labor force) (modeled ILO estimate)",SL.UEM.TOTL.ZS,0.533999979,0.541999996,0.545000017,0.55400002,0.624000013
Nigeria,NGA,"Unemployment, total (% of total labor force) (modeled ILO estimate)",SL.UEM.TOTL.ZS,7.059999943,8.390000343,8.456000328,8.529999733,9.713999748
Nicaragua,NIC,"Unemployment, total (% of total labor force) (modeled ILO estimate)",SL.UEM.TOTL.ZS,3.900000095,3.299999952,5.199999809,5.210999966,6.078000069
Netherlands,NLD,"Unemployment, total (% of total labor force) (modeled ILO estimate)",SL.UEM.TOTL.ZS,6.010000229,4.840000153,3.829999924,3.380000114,3.819999933
Norway,NOR,"Unemployment, total (% of total labor force) (modeled ILO estimate)",SL.UEM.TOTL.ZS,4.679999828,4.159999847,3.799999952,3.690000057,4.420000076
Nepal,NPL,"Unemployment, total (% of total labor force) (modeled ILO estimate)",SL.UEM.TOTL.ZS,2.868000031,3.318000078,3.193000078,3.096999884,4.723999977
Nauru,NRU,"Unemployment, total (% of total labor force) (modeled ILO estimate)",SL.UEM.TOTL.ZS,,,,,
New Zealand,NZL,"Unemployment, total (% of total labor force) (modeled ILO estimate)",SL.UEM.TOTL.ZS,5.150000095,4.739999771,4.329999924,4.110000134,4.590000153
OECD members,OED,"Unemployment, total (% of total labor force) (modeled ILO estimate)",SL.UEM.TOTL.ZS,6.431083956,5.903095155,5.4649112,5.398421555,7.101582663
Oman,OMN,"Unemployment, total (% of total labor force) (modeled ILO estimate)",SL.UEM.TOTL.ZS,3.269999981,2.565000057,1.799999952,1.84800005,2.940000057
Other small states,OSS,"Unemployment, total (% of total labor force) (modeled ILO estimate)",SL.UEM.TOTL.ZS,10.61336337,10.27983569,9.923449443,9.788850285,11.00487111
Pakistan,PAK,"Unemployment, total (% of total labor force) (modeled ILO estimate)",SL.UEM.TOTL.ZS,3.779000044,3.915999889,4.079999924,3.542000055,4.302999973
Panama,PAN,"Unemployment, total (% of total labor force) (modeled ILO estimate)",SL.UEM.TOTL.ZS,3.263000011,3.858999968,3.832999945,4.725999832,12.85400009
Peru,PER,"Unemployment, total (% of total labor force) (modeled ILO estimate)",SL.UEM.TOTL.ZS,3.74000001,3.690000057,3.49000001,3.380000114,7.179999828
Philippines,PHL,"Unemployment, total (% of total labor force) (modeled ILO estimate)",SL.UEM.TOTL.ZS,2.700000048,2.549999952,2.339999914,2.24000001,2.519999981
Palau,PLW,"Unemployment, total (% of total labor force) (modeled ILO estimate)",SL.UEM.TOTL.ZS,,,,,
Papua New Guinea,PNG,"Unemployment, total (% of total labor force) (modeled ILO estimate)",SL.UEM.TOTL.ZS,2.483999968,2.506999969,2.563999891,2.448999882,2.595000029
Poland,POL,"Unemployment, total (% of total labor force) (modeled ILO estimate)",SL.UEM.TOTL.ZS,6.159999847,4.889999866,3.849999905,3.279999971,3.160000086
Pre-demographic dividend,PRE,"Unemployment, total (% of total labor force) (modeled ILO estimate)",SL.UEM.TOTL.ZS,5.6832608,6.064302916,6.12690082,6.195863474,6.935062501
Puerto Rico,PRI,"Unemployment, total (% of total labor force) (modeled ILO estimate)",SL.UEM.TOTL.ZS,11.80000019,10.80000019,9.199999809,8.300000191,8.890000343
"Korea, Dem. People's Rep.",PRK,"Unemployment, total (% of total labor force) (modeled ILO estimate)",SL.UEM.TOTL.ZS,2.755000114,2.697999954,2.625999928,2.59100008,2.921000004
Portugal,PRT,"Unemployment, total (% of total labor force) (modeled ILO estimate)",SL.UEM.TOTL.ZS,11.06999969,8.869999886,6.989999771,6.460000038,6.789999962
Paraguay,PRY,"Unemployment, total (% of total labor force) (modeled ILO estimate)",SL.UEM.TOTL.ZS,5.25,4.610000134,6.21999979,6.590000153,7.550000191
West Bank and Gaza,PSE,"Unemployment, total (% of total labor force) (modeled ILO estimate)",SL.UEM.TOTL.ZS,23.94000053,25.68000031,26.26000023,25.34000015,25.88999939
Pacific island small states,PSS,"Unemployment, total (% of total labor force) (modeled ILO estimate)",SL.UEM.TOTL.ZS,2.830602147,2.817204341,2.851626675,2.875014787,3.133757142
Post-demographic dividend,PST,"Unemployment, total (% of total labor force) (modeled ILO estimate)",SL.UEM.TOTL.ZS,6.404091449,5.837593746,5.286273426,4.955758481,6.700057347
French Polynesia,PYF,"Unemployment, total (% of total labor force) (modeled ILO estimate)",SL.UEM.TOTL.ZS,12.17700005,12.2130003,12.24800014,12.29599953,14.09599972
Qatar,QAT,"Unemployment, total (% of total labor force) (modeled ILO estimate)",SL.UEM.TOTL.ZS,0.150000006,0.140000001,0.109999999,0.100000001,0.214000002
Romania,ROU,"Unemployment, total (% of total labor force) (modeled ILO estimate)",SL.UEM.TOTL.ZS,5.900000095,4.929999828,4.190000057,3.910000086,5.03000021
Russian Federation,RUS,"Unemployment, total (% of total labor force) (modeled ILO estimate)",SL.UEM.TOTL.ZS,5.559999943,5.210000038,4.849999905,4.5,5.590000153
Rwanda,RWA,"Unemployment, total (% of total labor force) (modeled ILO estimate)",SL.UEM.TOTL.ZS,1.144000053,1.136999965,1.110999942,1.09800005,1.485000014
South Asia,SAS,"Unemployment, total (% of total labor force) (modeled ILO estimate)",SL.UEM.TOTL.ZS,5.145693213,5.118739344,5.119796324,5.020013755,7.239793182
Saudi Arabia,SAU,"Unemployment, total (% of total labor force) (modeled ILO estimate)",SL.UEM.TOTL.ZS,5.650000095,5.889999866,6.039999962,5.672999859,7.449999809
Sudan,SDN,"Unemployment, total (% of total labor force) (modeled ILO estimate)",SL.UEM.TOTL.ZS,17.52000046,17.53300095,17.57999992,17.65399933,19.64900017
Senegal,SEN,"Unemployment, total (% of total labor force) (modeled ILO estimate)",SL.UEM.TOTL.ZS,4.460000038,3.690000057,3.275000095,2.859999895,3.622999907
Singapore,SGP,"Unemployment, total (% of total labor force) (modeled ILO estimate)",SL.UEM.TOTL.ZS,4.079999924,4.199999809,3.642999887,3.099999905,4.099999905
Solomon Islands,SLB,"Unemployment, total (% of total labor force) (modeled ILO estimate)",SL.UEM.TOTL.ZS,0.698000014,0.707000017,0.723999977,0.754999995,0.916000009
Sierra Leone,SLE,"Unemployment, total (% of total labor force) (modeled ILO estimate)",SL.UEM.TOTL.ZS,4.663000107,4.663000107,4.659999847,4.649000168,5.195000172
El Salvador,SLV,"Unemployment, total (% of total labor force) (modeled ILO estimate)",SL.UEM.TOTL.ZS,4.420000076,4.389999866,4.010000229,4.170000076,6.248000145
San Marino,SMR,"Unemployment, total (% of total labor force) (modeled ILO estimate)",SL.UEM.TOTL.ZS,,,,,
Somalia,SOM,"Unemployment, total (% of total labor force) (modeled ILO estimate)",SL.UEM.TOTL.ZS,18.88899994,18.88199997,18.85000038,18.82799911,19.72299957
Serbia,SRB,"Unemployment, total (% of total labor force) (modeled ILO estimate)",SL.UEM.TOTL.ZS,15.26000023,13.47999954,12.72999954,10.39000034,9.010000229
Sub-Saharan Africa (excluding high income),SSA,"Unemployment, total (% of total labor force) (modeled ILO estimate)",SL.UEM.TOTL.ZS,6.236479552,6.466443816,6.484791635,6.610784447,7.280552852
South Sudan,SSD,"Unemployment, total (% of total labor force) (modeled ILO estimate)",SL.UEM.TOTL.ZS,12.29500008,12.25399971,12.23700047,12.22599983,14.02999973
Sub-Saharan Africa,SSF,"Unemployment, total (% of total labor force) (modeled ILO estimate)",SL.UEM.TOTL.ZS,6.236479552,6.466443816,6.484791635,6.610784447,7.280552852
Small states,SST,"Unemployment, total (% of total labor force) (modeled ILO estimate)",SL.UEM.TOTL.ZS,10.2137571,9.801120091,9.335476341,9.10801045,10.38727794
Sao Tome and Principe,STP,"Unemployment, total (% of total labor force) (modeled ILO estimate)",SL.UEM.TOTL.ZS,13.89400005,13.97399998,14.06099987,14.14400005,15.74600029
Suriname,SUR,"Unemployment, total (% of total labor force) (modeled ILO estimate)",SL.UEM.TOTL.ZS,7.920000076,7.903999805,7.926000118,8.039999962,9.777999878
Slovak Republic,SVK,"Unemployment, total (% of total labor force) (modeled ILO estimate)",SL.UEM.TOTL.ZS,9.670000076,8.130000114,6.539999962,5.75,6.690000057
Slovenia,SVN,"Unemployment, total (% of total labor force) (modeled ILO estimate)",SL.UEM.TOTL.ZS,8,6.559999943,5.110000134,4.449999809,4.96999979
Sweden,SWE,"Unemployment, total (% of total labor force) (modeled ILO estimate)",SL.UEM.TOTL.ZS,6.989999771,6.71999979,6.360000134,6.829999924,8.289999962
Eswatini,SWZ,"Unemployment, total (% of total labor force) (modeled ILO estimate)",SL.UEM.TOTL.ZS,22.71999931,22.75300026,22.79199982,22.83699989,25.50900078
Sint Maarten (Dutch part),SXM,"Unemployment, total (% of total labor force) (modeled ILO estimate)",SL.UEM.TOTL.ZS,,,,,
Seychelles,SYC,"Unemployment, total (% of total labor force) (modeled ILO estimate)",SL.UEM.TOTL.ZS,,,,,
Syrian Arab Republic,SYR,"Unemployment, total (% of total labor force) (modeled ILO estimate)",SL.UEM.TOTL.ZS,8.725000381,8.751999855,8.755000114,8.772999763,10.25699997
Turks and Caicos Islands,TCA,"Unemployment, total (% of total labor force) (modeled ILO estimate)",SL.UEM.TOTL.ZS,,,,,
Chad,TCD,"Unemployment, total (% of total labor force) (modeled ILO estimate)",SL.UEM.TOTL.ZS,1.103999972,1.118999958,1.129999995,1.123000026,1.741999984
East Asia & Pacific (IDA & IBRD countries),TEA,"Unemployment, total (% of total labor force) (modeled ILO estimate)",SL.UEM.TOTL.ZS,4.035378295,3.927918544,3.809416136,3.914803878,4.410058877
Europe & Central Asia (IDA & IBRD countries),TEC,"Unemployment, total (% of total labor force) (modeled ILO estimate)",SL.UEM.TOTL.ZS,7.451472929,7.093585839,6.691823963,6.775927519,7.397683668
Togo,TGO,"Unemployment, total (% of total labor force) (modeled ILO estimate)",SL.UEM.TOTL.ZS,2.96600008,3.74000001,3.729000092,3.719000101,3.944999933
Thailand,THA,"Unemployment, total (% of total labor force) (modeled ILO estimate)",SL.UEM.TOTL.ZS,0.689999998,0.829999983,0.769999981,0.720000029,1.100000024
Tajikistan,TJK,"Unemployment, total (% of total labor force) (modeled ILO estimate)",SL.UEM.TOTL.ZS,6.900000095,6.953999996,7.012000084,7.06099987,7.583000183
Turkmenistan,TKM,"Unemployment, total (% of total labor force) (modeled ILO estimate)",SL.UEM.TOTL.ZS,4.169000149,4.203999996,4.234000206,4.268000126,4.951000214
Latin America & the Caribbean (IDA & IBRD countries),TLA,"Unemployment, total (% of total labor force) (modeled ILO estimate)",SL.UEM.TOTL.ZS,7.80167913,8.089246629,7.977830848,8.03829707,10.19877498
Timor-Leste,TLS,"Unemployment, total (% of total labor force) (modeled ILO estimate)",SL.UEM.TOTL.ZS,4.659999847,4.760000229,4.730999947,4.505000114,4.90500021
Middle East & North Africa (IDA & IBRD countries),TMN,"Unemployment, total (% of total labor force) (modeled ILO estimate)",SL.UEM.TOTL.ZS,11.92670029,11.92957939,11.46252037,10.60498682,12.09027516
Tonga,TON,"Unemployment, total (% of total labor force) (modeled ILO estimate)",SL.UEM.TOTL.ZS,2.569000006,2.815000057,3.069999933,3.062000036,3.628000021
South Asia (IDA & IBRD),TSA,"Unemployment, total (% of total labor force) (modeled ILO estimate)",SL.UEM.TOTL.ZS,5.145693213,5.118739344,5.119796324,5.020013755,7.239793182
Sub-Saharan Africa (IDA & IBRD countries),TSS,"Unemployment, total (% of total labor force) (modeled ILO estimate)",SL.UEM.TOTL.ZS,6.236479552,6.466443816,6.484791635,6.610784447,7.280552852
Trinidad and Tobago,TTO,"Unemployment, total (% of total labor force) (modeled ILO estimate)",SL.UEM.TOTL.ZS,3.210000038,3.275000095,3.336999893,3.421999931,4.56799984
Tunisia,TUN,"Unemployment, total (% of total labor force) (modeled ILO estimate)",SL.UEM.TOTL.ZS,15.56000042,15.32999992,15.46000004,15.13000011,16.59199905
Turkey,TUR,"Unemployment, total (% of total labor force) (modeled ILO estimate)",SL.UEM.TOTL.ZS,10.84000015,10.81999969,10.89000034,13.67000008,13.10999966
Tuvalu,TUV,"Unemployment, total (% of total labor force) (modeled ILO estimate)",SL.UEM.TOTL.ZS,,,,,
Tanzania,TZA,"Unemployment, total (% of total labor force) (modeled ILO estimate)",SL.UEM.TOTL.ZS,2.157999992,2.177000046,2.20600009,2.221999884,2.528000116
Uganda,UGA,"Unemployment, total (% of total labor force) (modeled ILO estimate)",SL.UEM.TOTL.ZS,1.919999957,1.932000041,1.922999978,1.924999952,2.767999887
Ukraine,UKR,"Unemployment, total (% of total labor force) (modeled ILO estimate)",SL.UEM.TOTL.ZS,9.350000381,9.5,8.800000191,8.18999958,9.131999969
Upper middle income,UMC,"Unemployment, total (% of total labor force) (modeled ILO estimate)",SL.UEM.TOTL.ZS,5.906397742,5.925284158,5.767452356,5.995607053,6.765702835
Uruguay,URY,"Unemployment, total (% of total labor force) (modeled ILO estimate)",SL.UEM.TOTL.ZS,7.840000153,7.889999866,8.340000153,8.880000114,10.35000038
United States,USA,"Unemployment, total (% of total labor force) (modeled ILO estimate)",SL.UEM.TOTL.ZS,4.869999886,4.360000134,3.900000095,3.670000076,8.050000191
Uzbekistan,UZB,"Unemployment, total (% of total labor force) (modeled ILO estimate)",SL.UEM.TOTL.ZS,5.199999809,5.800000191,5.835000038,5.849999905,7.040999889
St. Vincent and the Grenadines,VCT,"Unemployment, total (% of total labor force) (modeled ILO estimate)",SL.UEM.TOTL.ZS,19.11000061,19.18199921,19.18000031,19.28000069,21.00200081
"Venezuela, RB",VEN,"Unemployment, total (% of total labor force) (modeled ILO estimate)",SL.UEM.TOTL.ZS,5.320000172,5.050000191,5.021999836,5.096000195,6.626999855
British Virgin Islands,VGB,"Unemployment, total (% of total labor force) (modeled ILO estimate)",SL.UEM.TOTL.ZS,,,,,
Virgin Islands (U.S.),VIR,"Unemployment, total (% of total labor force) (modeled ILO estimate)",SL.UEM.TOTL.ZS,12.67700005,12.32499981,12.42599964,12.46800041,13.54500008
Vietnam,VNM,"Unemployment, total (% of total labor force) (modeled ILO estimate)",SL.UEM.TOTL.ZS,1.850000024,1.870000005,1.159999967,2.039999962,2.390000105
Vanuatu,VUT,"Unemployment, total (% of total labor force) (modeled ILO estimate)",SL.UEM.TOTL.ZS,1.776000023,1.745000005,1.809000015,1.800999999,2.118999958
World,WLD,"Unemployment, total (% of total labor force) (modeled ILO estimate)",SL.UEM.TOTL.ZS,5.656574943,5.557731188,5.389808034,5.357098311,6.573003526
Samoa,WSM,"Unemployment, total (% of total labor force) (modeled ILO estimate)",SL.UEM.TOTL.ZS,8.30700016,8.578000069,8.68599987,8.406000137,9.149000168
Kosovo,XKX,"Unemployment, total (% of total labor force) (modeled ILO estimate)",SL.UEM.TOTL.ZS,,,,,
"Yemen, Rep.",YEM,"Unemployment, total (% of total labor force) (modeled ILO estimate)",SL.UEM.TOTL.ZS,13.43299961,13.29699993,13.14500046,13.05599976,13.39099979
South Africa,ZAF,"Unemployment, total (% of total labor force) (modeled ILO estimate)",SL.UEM.TOTL.ZS,26.54000092,27.04000092,26.90999985,28.46999931,29.21999931
Zambia,ZMB,"Unemployment, total (% of total labor force) (modeled ILO estimate)",SL.UEM.TOTL.ZS,10.87199974,11.63000011,12.01000023,12.52000046,12.84799957
Zimbabwe,ZWE,"Unemployment, total (% of total labor force) (modeled ILO estimate)",SL.UEM.TOTL.ZS,4.788000107,4.784999847,4.796000004,4.833000183,5.350999832